,time,n0,n1,n2,n3,n4,n5,n6,n7,n8,n9,n10,n11,n12,n13,n14,n15,n16,n17,n18,n19,n20,n21,n22,n23,n24,0,1,2,3,4,5,6,7,8,9,10,11,12,13,14,15,16,17,18,19,20,21,22,23,24
0,0,,,,,,,,,,,,,,,,,,,,,,,,,,,,,,,,,,,,,,,,,,,,,,,,,,
1,2,0.0,,,,,,,,,,,,,,,,,,,,,,,,,26.0,,,,,,,,,,,,,,,,,,,,,,,,
2,7,0.0,,,,,,,,,,,,,,,,,,,,,,,,,22.0,,,,,,,,,,,,,,,,,,,,,,,,
3,11,0.0,,,,,,,,,,,,,,,,,,,,,,,,,21.0,,,,,,,,,,,,,,,,,,,,,,,,
4,15,0.0,,,,,,,,,,,,,,,,,,,,,,,,,18.0,,,,,,,,,,,,,,,,,,,,,,,,
5,18,0.0,,,,,,,,,,,,,,,,,,,,,,,,,16.0,,,,,,,,,,,,,,,,,,,,,,,,
6,19,0.0,,,,,,,,,,,,,,,,,,,,,,,,,15.0,,,,,,,,,,,,,,,,,,,,,,,,
7,22,0.0,,,,,,,,,,,,,,,,,,,,,,,,,12.0,,,,,,,,,,,,,,,,,,,,,,,,
8,23,0.0,,,,,,,,,,,,,,,,,,,,,,,,,11.0,,,,,,,,,,,,,,,,,,,,,,,,
9,25,0.0,,,,,,,,,,,,,,,,,,,,,,,,,9.0,,,,,,,,,,,,,,,,,,,,,,,,
10,26,0.0,,,,,,,,,,,,,,,,,,,,,,,,,8.0,,,,,,,,,,,,,,,,,,,,,,,,
11,28,0.0,,,,,,,,,,,,,,,,,,,,,,,,,7.0,,,,,,,,,,,,,,,,,,,,,,,,
12,29,0.0,,,,,,,,,,,,,,,,,,,,,,,,,6.0,,,,,,,,,,,,,,,,,,,,,,,,
13,40,0.0,,,,,,,,,,,,,,,,,,,,,,,,,1.0,,,,,,,,,,,,,,,,,,,,,,,,
14,93,0.0,,,,,,,,,,,,,,,,,,,,,,,,,0.0,,,,,,,,,,,,,,,,,,,,,,,,
15,95,0.0,1.0,,,,,,,,,,,,,,,,,,,,,,,,0.0,26.0,,,,,,,,,,,,,,,,,,,,,,,
16,100,0.0,1.0,,,,,,,,,,,,,,,,,,,,,,,,0.0,22.0,,,,,,,,,,,,,,,,,,,,,,,
17,104,0.0,1.0,,,,,,,,,,,,,,,,,,,,,,,,0.0,21.0,,,,,,,,,,,,,,,,,,,,,,,
18,108,0.0,1.0,,,,,,,,,,,,,,,,,,,,,,,,0.0,18.0,,,,,,,,,,,,,,,,,,,,,,,
19,111,0.0,1.0,,,,,,,,,,,,,,,,,,,,,,,,0.0,15.0,,,,,,,,,,,,,,,,,,,,,,,
20,112,0.0,1.0,,,,,,,,,,,,,,,,,,,,,,,,0.0,14.0,,,,,,,,,,,,,,,,,,,,,,,
21,114,0.0,1.0,,,,,,,,,,,,,,,,,,,,,,,,0.0,12.0,,,,,,,,,,,,,,,,,,,,,,,
22,117,0.0,1.0,,,,,,,,,,,,,,,,,,,,,,,,0.0,11.0,,,,,,,,,,,,,,,,,,,,,,,
23,118,0.0,1.0,,,,,,,,,,,,,,,,,,,,,,,,0.0,10.0,,,,,,,,,,,,,,,,,,,,,,,
24,120,0.0,1.0,,,,,,,,,,,,,,,,,,,,,,,,0.0,9.0,,,,,,,,,,,,,,,,,,,,,,,
25,122,0.0,1.0,,,,,,,,,,,,,,,,,,,,,,,,0.0,8.0,,,,,,,,,,,,,,,,,,,,,,,
26,123,0.0,1.0,,,,,,,,,,,,,,,,,,,,,,,,0.0,7.0,,,,,,,,,,,,,,,,,,,,,,,
27,127,0.0,1.0,,,,,,,,,,,,,,,,,,,,,,,,0.0,3.0,,,,,,,,,,,,,,,,,,,,,,,
28,137,0.0,1.0,,,,,,,,,,,,,,,,,,,,,,,,0.0,1.0,,,,,,,,,,,,,,,,,,,,,,,
29,140,0.0,1.0,,,,,,,,,,,,,,,,,,,,,,,,0.0,0.0,,,,,,,,,,,,,,,,,,,,,,,
30,142,0.0,1.0,2.0,,,,,,,,,,,,,,,,,,,,,,,0.0,0.0,26.0,,,,,,,,,,,,,,,,,,,,,,
31,147,0.0,1.0,2.0,,,,,,,,,,,,,,,,,,,,,,,0.0,0.0,22.0,,,,,,,,,,,,,,,,,,,,,,
32,151,0.0,1.0,2.0,,,,,,,,,,,,,,,,,,,,,,,0.0,0.0,21.0,,,,,,,,,,,,,,,,,,,,,,
33,155,0.0,1.0,2.0,,,,,,,,,,,,,,,,,,,,,,,0.0,0.0,18.0,,,,,,,,,,,,,,,,,,,,,,
34,158,0.0,1.0,2.0,,,,,,,,,,,,,,,,,,,,,,,0.0,0.0,15.0,,,,,,,,,,,,,,,,,,,,,,
35,159,0.0,1.0,2.0,,,,,,,,,,,,,,,,,,,,,,,0.0,0.0,14.0,,,,,,,,,,,,,,,,,,,,,,
36,162,0.0,1.0,2.0,,,,,,,,,,,,,,,,,,,,,,,0.0,0.0,12.0,,,,,,,,,,,,,,,,,,,,,,
37,164,0.0,1.0,2.0,,,,,,,,,,,,,,,,,,,,,,,0.0,0.0,11.0,,,,,,,,,,,,,,,,,,,,,,
38,165,0.0,1.0,2.0,,,,,,,,,,,,,,,,,,,,,,,0.0,0.0,10.0,,,,,,,,,,,,,,,,,,,,,,
39,167,0.0,1.0,2.0,,,,,,,,,,,,,,,,,,,,,,,0.0,0.0,9.0,,,,,,,,,,,,,,,,,,,,,,
40,168,0.0,1.0,2.0,,,,,,,,,,,,,,,,,,,,,,,0.0,0.0,8.0,,,,,,,,,,,,,,,,,,,,,,
41,170,0.0,1.0,2.0,,,,,,,,,,,,,,,,,,,,,,,0.0,0.0,7.0,,,,,,,,,,,,,,,,,,,,,,
42,173,0.0,1.0,2.0,,,,,,,,,,,,,,,,,,,,,,,0.0,0.0,4.0,,,,,,,,,,,,,,,,,,,,,,
43,175,0.0,1.0,2.0,,,,,,,,,,,,,,,,,,,,,,,0.0,0.0,3.0,,,,,,,,,,,,,,,,,,,,,,
44,177,0.0,1.0,2.0,3.0,,,,,,,,,,,,,,,,,,,,,,0.0,0.0,3.0,26.0,,,,,,,,,,,,,,,,,,,,,
45,182,0.0,1.0,2.0,3.0,,,,,,,,,,,,,,,,,,,,,,0.0,0.0,2.0,23.0,,,,,,,,,,,,,,,,,,,,,
46,183,0.0,1.0,2.0,3.0,,,,,,,,,,,,,,,,,,,,,,0.0,0.0,2.0,22.0,,,,,,,,,,,,,,,,,,,,,
47,185,0.0,1.0,2.0,3.0,,,,,,,,,,,,,,,,,,,,,,0.0,0.0,1.0,22.0,,,,,,,,,,,,,,,,,,,,,
48,186,0.0,1.0,2.0,3.0,,,,,,,,,,,,,,,,,,,,,,0.0,0.0,0.0,21.0,,,,,,,,,,,,,,,,,,,,,
49,190,0.0,1.0,2.0,3.0,,,,,,,,,,,,,,,,,,,,,,0.0,0.0,0.0,20.0,,,,,,,,,,,,,,,,,,,,,
50,191,0.0,1.0,2.0,3.0,,,,,,,,,,,,,,,,,,,,,,0.0,0.0,0.0,19.0,,,,,,,,,,,,,,,,,,,,,
51,193,0.0,1.0,2.0,3.0,,,,,,,,,,,,,,,,,,,,,,0.0,0.0,0.0,18.0,,,,,,,,,,,,,,,,,,,,,
52,194,0.0,1.0,2.0,3.0,,,,,,,,,,,,,,,,,,,,,,0.0,0.0,0.0,16.0,,,,,,,,,,,,,,,,,,,,,
53,197,0.0,1.0,2.0,3.0,,,,,,,,,,,,,,,,,,,,,,0.0,0.0,0.0,13.0,,,,,,,,,,,,,,,,,,,,,
54,199,0.0,1.0,2.0,3.0,,,,,,,,,,,,,,,,,,,,,,0.0,0.0,0.0,12.0,,,,,,,,,,,,,,,,,,,,,
55,200,0.0,1.0,2.0,3.0,,,,,,,,,,,,,,,,,,,,,,0.0,0.0,0.0,10.0,,,,,,,,,,,,,,,,,,,,,
56,202,0.0,1.0,2.0,3.0,,,,,,,,,,,,,,,,,,,,,,0.0,0.0,0.0,9.0,,,,,,,,,,,,,,,,,,,,,
57,205,0.0,1.0,2.0,3.0,,,,,,,,,,,,,,,,,,,,,,0.0,0.0,0.0,7.0,,,,,,,,,,,,,,,,,,,,,
58,208,0.0,1.0,2.0,3.0,,,,,,,,,,,,,,,,,,,,,,0.0,0.0,0.0,5.0,,,,,,,,,,,,,,,,,,,,,
59,219,0.0,1.0,2.0,3.0,,,,,,,,,,,,,,,,,,,,,,0.0,0.0,0.0,1.0,,,,,,,,,,,,,,,,,,,,,
60,267,0.0,1.0,2.0,3.0,,,,,,,,,,,,,,,,,,,,,,0.0,0.0,0.0,0.0,,,,,,,,,,,,,,,,,,,,,
61,269,0.0,1.0,2.0,3.0,4.0,,,,,,,,,,,,,,,,,,,,,0.0,0.0,0.0,0.0,26.0,,,,,,,,,,,,,,,,,,,,
62,274,0.0,1.0,2.0,3.0,4.0,,,,,,,,,,,,,,,,,,,,,0.0,0.0,0.0,0.0,22.0,,,,,,,,,,,,,,,,,,,,
63,278,0.0,1.0,2.0,3.0,4.0,,,,,,,,,,,,,,,,,,,,,0.0,0.0,0.0,0.0,21.0,,,,,,,,,,,,,,,,,,,,
64,282,0.0,1.0,2.0,3.0,4.0,,,,,,,,,,,,,,,,,,,,,0.0,0.0,0.0,0.0,18.0,,,,,,,,,,,,,,,,,,,,
65,285,0.0,1.0,2.0,3.0,4.0,,,,,,,,,,,,,,,,,,,,,0.0,0.0,0.0,0.0,16.0,,,,,,,,,,,,,,,,,,,,
66,286,0.0,1.0,2.0,3.0,4.0,,,,,,,,,,,,,,,,,,,,,0.0,0.0,0.0,0.0,15.0,,,,,,,,,,,,,,,,,,,,
67,288,0.0,1.0,2.0,3.0,4.0,,,,,,,,,,,,,,,,,,,,,0.0,0.0,0.0,0.0,12.0,,,,,,,,,,,,,,,,,,,,
68,289,0.0,1.0,2.0,3.0,4.0,,,,,,,,,,,,,,,,,,,,,0.0,0.0,0.0,0.0,11.0,,,,,,,,,,,,,,,,,,,,
69,290,0.0,1.0,2.0,3.0,4.0,,,,,,,,,,,,,,,,,,,,,0.0,0.0,0.0,0.0,10.0,,,,,,,,,,,,,,,,,,,,
70,292,0.0,1.0,2.0,3.0,4.0,,,,,,,,,,,,,,,,,,,,,0.0,0.0,0.0,0.0,8.0,,,,,,,,,,,,,,,,,,,,
71,293,0.0,1.0,2.0,3.0,4.0,,,,,,,,,,,,,,,,,,,,,0.0,0.0,0.0,0.0,7.0,,,,,,,,,,,,,,,,,,,,
72,297,0.0,1.0,2.0,3.0,4.0,,,,,,,,,,,,,,,,,,,,,0.0,0.0,0.0,0.0,6.0,,,,,,,,,,,,,,,,,,,,
73,307,0.0,1.0,2.0,3.0,4.0,,,,,,,,,,,,,,,,,,,,,0.0,0.0,0.0,0.0,1.0,,,,,,,,,,,,,,,,,,,,
74,351,0.0,1.0,2.0,3.0,4.0,,,,,,,,,,,,,,,,,,,,,0.0,0.0,0.0,0.0,0.0,,,,,,,,,,,,,,,,,,,,
75,353,0.0,1.0,2.0,3.0,4.0,5.0,,,,,,,,,,,,,,,,,,,,0.0,0.0,0.0,0.0,0.0,26.0,,,,,,,,,,,,,,,,,,,
76,358,0.0,1.0,2.0,3.0,4.0,5.0,,,,,,,,,,,,,,,,,,,,0.0,0.0,0.0,0.0,0.0,22.0,,,,,,,,,,,,,,,,,,,
77,362,0.0,1.0,2.0,3.0,4.0,5.0,,,,,,,,,,,,,,,,,,,,0.0,0.0,0.0,0.0,0.0,21.0,,,,,,,,,,,,,,,,,,,
78,366,0.0,1.0,2.0,3.0,4.0,5.0,,,,,,,,,,,,,,,,,,,,0.0,0.0,0.0,0.0,0.0,18.0,,,,,,,,,,,,,,,,,,,
79,368,0.0,1.0,2.0,3.0,4.0,5.0,6.0,,,,,,,,,,,,,,,,,,,0.0,0.0,0.0,0.0,0.0,18.0,26.0,,,,,,,,,,,,,,,,,,
80,369,0.0,1.0,2.0,3.0,4.0,5.0,6.0,,,,,,,,,,,,,,,,,,,0.0,0.0,0.0,0.0,0.0,16.0,26.0,,,,,,,,,,,,,,,,,,
81,370,0.0,1.0,2.0,3.0,4.0,5.0,6.0,,,,,,,,,,,,,,,,,,,0.0,0.0,0.0,0.0,0.0,15.0,26.0,,,,,,,,,,,,,,,,,,
82,372,0.0,1.0,2.0,3.0,4.0,5.0,6.0,,,,,,,,,,,,,,,,,,,0.0,0.0,0.0,0.0,0.0,12.0,26.0,,,,,,,,,,,,,,,,,,
83,373,0.0,1.0,2.0,3.0,4.0,5.0,6.0,,,,,,,,,,,,,,,,,,,0.0,0.0,0.0,0.0,0.0,11.0,25.0,,,,,,,,,,,,,,,,,,
84,374,0.0,1.0,2.0,3.0,4.0,5.0,6.0,,,,,,,,,,,,,,,,,,,0.0,0.0,0.0,0.0,0.0,10.0,25.0,,,,,,,,,,,,,,,,,,
85,375,0.0,1.0,2.0,3.0,4.0,5.0,6.0,,,,,,,,,,,,,,,,,,,0.0,0.0,0.0,0.0,0.0,9.0,25.0,,,,,,,,,,,,,,,,,,
86,376,0.0,1.0,2.0,3.0,4.0,5.0,6.0,,,,,,,,,,,,,,,,,,,0.0,0.0,0.0,0.0,0.0,9.0,24.0,,,,,,,,,,,,,,,,,,
87,377,0.0,1.0,2.0,3.0,4.0,5.0,6.0,,,,,,,,,,,,,,,,,,,0.0,0.0,0.0,0.0,0.0,7.0,23.0,,,,,,,,,,,,,,,,,,
88,380,0.0,1.0,2.0,3.0,4.0,5.0,6.0,,,,,,,,,,,,,,,,,,,0.0,0.0,0.0,0.0,0.0,6.0,22.0,,,,,,,,,,,,,,,,,,
89,381,0.0,1.0,2.0,3.0,4.0,5.0,6.0,,,,,,,,,,,,,,,,,,,0.0,0.0,0.0,0.0,0.0,6.0,20.0,,,,,,,,,,,,,,,,,,
90,387,0.0,1.0,2.0,3.0,4.0,5.0,6.0,,,,,,,,,,,,,,,,,,,0.0,0.0,0.0,0.0,0.0,4.0,19.0,,,,,,,,,,,,,,,,,,
91,388,0.0,1.0,2.0,3.0,4.0,5.0,6.0,,,,,,,,,,,,,,,,,,,0.0,0.0,0.0,0.0,0.0,4.0,18.0,,,,,,,,,,,,,,,,,,
92,389,0.0,1.0,2.0,3.0,4.0,5.0,6.0,,,,,,,,,,,,,,,,,,,0.0,0.0,0.0,0.0,0.0,4.0,17.0,,,,,,,,,,,,,,,,,,
93,390,0.0,1.0,2.0,3.0,4.0,5.0,6.0,,,,,,,,,,,,,,,,,,,0.0,0.0,0.0,0.0,0.0,3.0,16.0,,,,,,,,,,,,,,,,,,
94,391,0.0,1.0,2.0,3.0,4.0,5.0,6.0,,,,,,,,,,,,,,,,,,,0.0,0.0,0.0,0.0,0.0,3.0,15.0,,,,,,,,,,,,,,,,,,
95,393,0.0,1.0,2.0,3.0,4.0,5.0,6.0,,,,,,,,,,,,,,,,,,,0.0,0.0,0.0,0.0,0.0,1.0,13.0,,,,,,,,,,,,,,,,,,
96,394,0.0,1.0,2.0,3.0,4.0,5.0,6.0,,,,,,,,,,,,,,,,,,,0.0,0.0,0.0,0.0,0.0,1.0,12.0,,,,,,,,,,,,,,,,,,
97,396,0.0,1.0,2.0,3.0,4.0,5.0,6.0,,,,,,,,,,,,,,,,,,,0.0,0.0,0.0,0.0,0.0,1.0,11.0,,,,,,,,,,,,,,,,,,
98,397,0.0,1.0,2.0,3.0,4.0,5.0,6.0,,,,,,,,,,,,,,,,,,,0.0,0.0,0.0,0.0,0.0,1.0,10.0,,,,,,,,,,,,,,,,,,
99,399,0.0,1.0,2.0,3.0,4.0,5.0,6.0,,,,,,,,,,,,,,,,,,,0.0,0.0,0.0,0.0,0.0,1.0,9.0,,,,,,,,,,,,,,,,,,
100,400,0.0,1.0,2.0,3.0,4.0,5.0,6.0,,,,,,,,,,,,,,,,,,,0.0,0.0,0.0,0.0,0.0,1.0,8.0,,,,,,,,,,,,,,,,,,
101,404,0.0,1.0,2.0,3.0,4.0,5.0,6.0,,,,,,,,,,,,,,,,,,,0.0,0.0,0.0,0.0,0.0,0.0,6.0,,,,,,,,,,,,,,,,,,
102,407,0.0,1.0,2.0,3.0,4.0,5.0,6.0,,,,,,,,,,,,,,,,,,,0.0,0.0,0.0,0.0,0.0,0.0,3.0,,,,,,,,,,,,,,,,,,
103,418,0.0,1.0,2.0,3.0,4.0,5.0,6.0,,,,,,,,,,,,,,,,,,,0.0,0.0,0.0,0.0,0.0,0.0,1.0,,,,,,,,,,,,,,,,,,
104,431,0.0,1.0,2.0,3.0,4.0,5.0,6.0,,,,,,,,,,,,,,,,,,,0.0,0.0,0.0,0.0,0.0,0.0,0.0,,,,,,,,,,,,,,,,,,
105,433,0.0,1.0,2.0,3.0,4.0,5.0,6.0,7.0,,,,,,,,,,,,,,,,,,0.0,0.0,0.0,0.0,0.0,0.0,0.0,26.0,,,,,,,,,,,,,,,,,
106,438,0.0,1.0,2.0,3.0,4.0,5.0,6.0,7.0,,,,,,,,,,,,,,,,,,0.0,0.0,0.0,0.0,0.0,0.0,0.0,23.0,,,,,,,,,,,,,,,,,
107,442,0.0,1.0,2.0,3.0,4.0,5.0,6.0,7.0,,,,,,,,,,,,,,,,,,0.0,0.0,0.0,0.0,0.0,0.0,0.0,21.0,,,,,,,,,,,,,,,,,
108,444,0.0,1.0,2.0,3.0,4.0,5.0,6.0,7.0,,,,,,,,,,,,,,,,,,0.0,0.0,0.0,0.0,0.0,0.0,0.0,21.0,,,,,,,,,,,,,,,,,
109,446,0.0,1.0,2.0,3.0,4.0,5.0,6.0,7.0,8.0,,,,,,,,,,,,,,,,,0.0,0.0,0.0,0.0,0.0,0.0,0.0,21.0,26.0,,,,,,,,,,,,,,,,
110,449,0.0,1.0,2.0,3.0,4.0,5.0,6.0,7.0,8.0,,,,,,,,,,,,,,,,,0.0,0.0,0.0,0.0,0.0,0.0,0.0,19.0,26.0,,,,,,,,,,,,,,,,
111,450,0.0,1.0,2.0,3.0,4.0,5.0,6.0,7.0,8.0,,,,,,,,,,,,,,,,,0.0,0.0,0.0,0.0,0.0,0.0,0.0,18.0,26.0,,,,,,,,,,,,,,,,
112,452,0.0,1.0,2.0,3.0,4.0,5.0,6.0,7.0,8.0,,,,,,,,,,,,,,,,,0.0,0.0,0.0,0.0,0.0,0.0,0.0,16.0,26.0,,,,,,,,,,,,,,,,
113,453,0.0,1.0,2.0,3.0,4.0,5.0,6.0,7.0,8.0,,,,,,,,,,,,,,,,,0.0,0.0,0.0,0.0,0.0,0.0,0.0,15.0,26.0,,,,,,,,,,,,,,,,
114,455,0.0,1.0,2.0,3.0,4.0,5.0,6.0,7.0,8.0,,,,,,,,,,,,,,,,,0.0,0.0,0.0,0.0,0.0,0.0,0.0,13.0,26.0,,,,,,,,,,,,,,,,
115,456,0.0,1.0,2.0,3.0,4.0,5.0,6.0,7.0,8.0,,,,,,,,,,,,,,,,,0.0,0.0,0.0,0.0,0.0,0.0,0.0,12.0,24.0,,,,,,,,,,,,,,,,
116,458,0.0,1.0,2.0,3.0,4.0,5.0,6.0,7.0,8.0,,,,,,,,,,,,,,,,,0.0,0.0,0.0,0.0,0.0,0.0,0.0,11.0,24.0,,,,,,,,,,,,,,,,
117,459,0.0,1.0,2.0,3.0,4.0,5.0,6.0,7.0,8.0,,,,,,,,,,,,,,,,,0.0,0.0,0.0,0.0,0.0,0.0,0.0,10.0,24.0,,,,,,,,,,,,,,,,
118,460,0.0,1.0,2.0,3.0,4.0,5.0,6.0,7.0,8.0,,,,,,,,,,,,,,,,,0.0,0.0,0.0,0.0,0.0,0.0,0.0,10.0,22.0,,,,,,,,,,,,,,,,
119,461,0.0,1.0,2.0,3.0,4.0,5.0,6.0,7.0,8.0,,,,,,,,,,,,,,,,,0.0,0.0,0.0,0.0,0.0,0.0,0.0,9.0,22.0,,,,,,,,,,,,,,,,
120,464,0.0,1.0,2.0,3.0,4.0,5.0,6.0,7.0,8.0,,,,,,,,,,,,,,,,,0.0,0.0,0.0,0.0,0.0,0.0,0.0,7.0,21.0,,,,,,,,,,,,,,,,
121,467,0.0,1.0,2.0,3.0,4.0,5.0,6.0,7.0,8.0,,,,,,,,,,,,,,,,,0.0,0.0,0.0,0.0,0.0,0.0,0.0,4.0,21.0,,,,,,,,,,,,,,,,
122,468,0.0,1.0,2.0,3.0,4.0,5.0,6.0,7.0,8.0,,,,,,,,,,,,,,,,,0.0,0.0,0.0,0.0,0.0,0.0,0.0,4.0,20.0,,,,,,,,,,,,,,,,
123,471,0.0,1.0,2.0,3.0,4.0,5.0,6.0,7.0,8.0,,,,,,,,,,,,,,,,,0.0,0.0,0.0,0.0,0.0,0.0,0.0,4.0,19.0,,,,,,,,,,,,,,,,
124,473,0.0,1.0,2.0,3.0,4.0,5.0,6.0,7.0,8.0,,,,,,,,,,,,,,,,,0.0,0.0,0.0,0.0,0.0,0.0,0.0,4.0,19.0,,,,,,,,,,,,,,,,
125,475,0.0,1.0,2.0,3.0,4.0,5.0,6.0,7.0,8.0,9.0,,,,,,,,,,,,,,,,0.0,0.0,0.0,0.0,0.0,0.0,0.0,3.0,17.0,26.0,,,,,,,,,,,,,,,
126,476,0.0,1.0,2.0,3.0,4.0,5.0,6.0,7.0,8.0,9.0,,,,,,,,,,,,,,,,0.0,0.0,0.0,0.0,0.0,0.0,0.0,3.0,16.0,26.0,,,,,,,,,,,,,,,
127,477,0.0,1.0,2.0,3.0,4.0,5.0,6.0,7.0,8.0,9.0,,,,,,,,,,,,,,,,0.0,0.0,0.0,0.0,0.0,0.0,0.0,3.0,15.0,26.0,,,,,,,,,,,,,,,
128,478,0.0,1.0,2.0,3.0,4.0,5.0,6.0,7.0,8.0,9.0,,,,,,,,,,,,,,,,0.0,0.0,0.0,0.0,0.0,0.0,0.0,1.0,15.0,26.0,,,,,,,,,,,,,,,
129,480,0.0,1.0,2.0,3.0,4.0,5.0,6.0,7.0,8.0,9.0,,,,,,,,,,,,,,,,0.0,0.0,0.0,0.0,0.0,0.0,0.0,1.0,14.0,25.0,,,,,,,,,,,,,,,
130,481,0.0,1.0,2.0,3.0,4.0,5.0,6.0,7.0,8.0,9.0,,,,,,,,,,,,,,,,0.0,0.0,0.0,0.0,0.0,0.0,0.0,1.0,12.0,24.0,,,,,,,,,,,,,,,
131,483,0.0,1.0,2.0,3.0,4.0,5.0,6.0,7.0,8.0,9.0,,,,,,,,,,,,,,,,0.0,0.0,0.0,0.0,0.0,0.0,0.0,0.0,11.0,24.0,,,,,,,,,,,,,,,
132,484,0.0,1.0,2.0,3.0,4.0,5.0,6.0,7.0,8.0,9.0,,,,,,,,,,,,,,,,0.0,0.0,0.0,0.0,0.0,0.0,0.0,0.0,9.0,24.0,,,,,,,,,,,,,,,
133,485,0.0,1.0,2.0,3.0,4.0,5.0,6.0,7.0,8.0,9.0,,,,,,,,,,,,,,,,0.0,0.0,0.0,0.0,0.0,0.0,0.0,0.0,8.0,22.0,,,,,,,,,,,,,,,
134,487,0.0,1.0,2.0,3.0,4.0,5.0,6.0,7.0,8.0,9.0,,,,,,,,,,,,,,,,0.0,0.0,0.0,0.0,0.0,0.0,0.0,0.0,7.0,22.0,,,,,,,,,,,,,,,
135,488,0.0,1.0,2.0,3.0,4.0,5.0,6.0,7.0,8.0,9.0,,,,,,,,,,,,,,,,0.0,0.0,0.0,0.0,0.0,0.0,0.0,0.0,6.0,22.0,,,,,,,,,,,,,,,
136,489,0.0,1.0,2.0,3.0,4.0,5.0,6.0,7.0,8.0,9.0,,,,,,,,,,,,,,,,0.0,0.0,0.0,0.0,0.0,0.0,0.0,0.0,6.0,21.0,,,,,,,,,,,,,,,
137,491,0.0,1.0,2.0,3.0,4.0,5.0,6.0,7.0,8.0,9.0,,,,,,,,,,,,,,,,0.0,0.0,0.0,0.0,0.0,0.0,0.0,0.0,5.0,20.0,,,,,,,,,,,,,,,
138,493,0.0,1.0,2.0,3.0,4.0,5.0,6.0,7.0,8.0,9.0,,,,,,,,,,,,,,,,0.0,0.0,0.0,0.0,0.0,0.0,0.0,0.0,5.0,19.0,,,,,,,,,,,,,,,
139,496,0.0,1.0,2.0,3.0,4.0,5.0,6.0,7.0,8.0,9.0,,,,,,,,,,,,,,,,0.0,0.0,0.0,0.0,0.0,0.0,0.0,0.0,4.0,18.0,,,,,,,,,,,,,,,
140,497,0.0,1.0,2.0,3.0,4.0,5.0,6.0,7.0,8.0,9.0,,,,,,,,,,,,,,,,0.0,0.0,0.0,0.0,0.0,0.0,0.0,0.0,4.0,17.0,,,,,,,,,,,,,,,
141,498,0.0,1.0,2.0,3.0,4.0,5.0,6.0,7.0,8.0,9.0,,,,,,,,,,,,,,,,0.0,0.0,0.0,0.0,0.0,0.0,0.0,0.0,4.0,16.0,,,,,,,,,,,,,,,
142,499,0.0,1.0,2.0,3.0,4.0,5.0,6.0,7.0,8.0,9.0,,,,,,,,,,,,,,,,0.0,0.0,0.0,0.0,0.0,0.0,0.0,0.0,3.0,14.0,,,,,,,,,,,,,,,
143,502,0.0,1.0,2.0,3.0,4.0,5.0,6.0,7.0,8.0,9.0,,,,,,,,,,,,,,,,0.0,0.0,0.0,0.0,0.0,0.0,0.0,0.0,1.0,13.0,,,,,,,,,,,,,,,
144,503,0.0,1.0,2.0,3.0,4.0,5.0,6.0,7.0,8.0,9.0,,,,,,,,,,,,,,,,0.0,0.0,0.0,0.0,0.0,0.0,0.0,0.0,1.0,12.0,,,,,,,,,,,,,,,
145,505,0.0,1.0,2.0,3.0,4.0,5.0,6.0,7.0,8.0,9.0,,,,,,,,,,,,,,,,0.0,0.0,0.0,0.0,0.0,0.0,0.0,0.0,1.0,11.0,,,,,,,,,,,,,,,
146,507,0.0,1.0,2.0,3.0,4.0,5.0,6.0,7.0,8.0,9.0,,,,,,,,,,,,,,,,0.0,0.0,0.0,0.0,0.0,0.0,0.0,0.0,1.0,10.0,,,,,,,,,,,,,,,
147,508,0.0,1.0,2.0,3.0,4.0,5.0,6.0,7.0,8.0,9.0,,,,,,,,,,,,,,,,0.0,0.0,0.0,0.0,0.0,0.0,0.0,0.0,1.0,8.0,,,,,,,,,,,,,,,
148,510,0.0,1.0,2.0,3.0,4.0,5.0,6.0,7.0,8.0,9.0,,,,,,,,,,,,,,,,0.0,0.0,0.0,0.0,0.0,0.0,0.0,0.0,0.0,7.0,,,,,,,,,,,,,,,
149,511,0.0,1.0,2.0,3.0,4.0,5.0,6.0,7.0,8.0,9.0,10.0,,,,,,,,,,,,,,,0.0,0.0,0.0,0.0,0.0,0.0,0.0,0.0,0.0,7.0,27.0,,,,,,,,,,,,,,
150,512,0.0,1.0,2.0,3.0,4.0,5.0,6.0,7.0,8.0,9.0,10.0,,,,,,,,,,,,,,,0.0,0.0,0.0,0.0,0.0,0.0,0.0,0.0,0.0,6.0,26.0,,,,,,,,,,,,,,
151,514,0.0,1.0,2.0,3.0,4.0,5.0,6.0,7.0,8.0,9.0,10.0,11.0,,,,,,,,,,,,,,0.0,0.0,0.0,0.0,0.0,0.0,0.0,0.0,0.0,5.0,26.0,26.0,,,,,,,,,,,,,
152,515,0.0,1.0,2.0,3.0,4.0,5.0,6.0,7.0,8.0,9.0,10.0,11.0,,,,,,,,,,,,,,0.0,0.0,0.0,0.0,0.0,0.0,0.0,0.0,0.0,4.0,26.0,26.0,,,,,,,,,,,,,
153,517,0.0,1.0,2.0,3.0,4.0,5.0,6.0,7.0,8.0,9.0,10.0,11.0,,,,,,,,,,,,,,0.0,0.0,0.0,0.0,0.0,0.0,0.0,0.0,0.0,4.0,22.0,26.0,,,,,,,,,,,,,
154,518,0.0,1.0,2.0,3.0,4.0,5.0,6.0,7.0,8.0,9.0,10.0,11.0,,,,,,,,,,,,,,0.0,0.0,0.0,0.0,0.0,0.0,0.0,0.0,0.0,4.0,22.0,26.0,,,,,,,,,,,,,
155,520,0.0,1.0,2.0,3.0,4.0,5.0,6.0,7.0,8.0,9.0,10.0,11.0,12.0,,,,,,,,,,,,,0.0,0.0,0.0,0.0,0.0,0.0,0.0,0.0,0.0,2.0,22.0,26.0,26.0,,,,,,,,,,,,
156,521,0.0,1.0,2.0,3.0,4.0,5.0,6.0,7.0,8.0,9.0,10.0,11.0,12.0,,,,,,,,,,,,,0.0,0.0,0.0,0.0,0.0,0.0,0.0,0.0,0.0,2.0,21.0,25.0,26.0,,,,,,,,,,,,
157,525,0.0,1.0,2.0,3.0,4.0,5.0,6.0,7.0,8.0,9.0,10.0,11.0,12.0,,,,,,,,,,,,,0.0,0.0,0.0,0.0,0.0,0.0,0.0,0.0,0.0,2.0,21.0,24.0,26.0,,,,,,,,,,,,
158,528,0.0,1.0,2.0,3.0,4.0,5.0,6.0,7.0,8.0,9.0,10.0,11.0,12.0,,,,,,,,,,,,,0.0,0.0,0.0,0.0,0.0,0.0,0.0,0.0,0.0,2.0,20.0,24.0,26.0,,,,,,,,,,,,
159,529,0.0,1.0,2.0,3.0,4.0,5.0,6.0,7.0,8.0,9.0,10.0,11.0,12.0,,,,,,,,,,,,,0.0,0.0,0.0,0.0,0.0,0.0,0.0,0.0,0.0,2.0,18.0,24.0,26.0,,,,,,,,,,,,
160,530,0.0,1.0,2.0,3.0,4.0,5.0,6.0,7.0,8.0,9.0,10.0,11.0,12.0,,,,,,,,,,,,,0.0,0.0,0.0,0.0,0.0,0.0,0.0,0.0,0.0,1.0,18.0,24.0,26.0,,,,,,,,,,,,
161,531,0.0,1.0,2.0,3.0,4.0,5.0,6.0,7.0,8.0,9.0,10.0,11.0,12.0,,,,,,,,,,,,,0.0,0.0,0.0,0.0,0.0,0.0,0.0,0.0,0.0,1.0,18.0,24.0,24.0,,,,,,,,,,,,
162,532,0.0,1.0,2.0,3.0,4.0,5.0,6.0,7.0,8.0,9.0,10.0,11.0,12.0,,,,,,,,,,,,,0.0,0.0,0.0,0.0,0.0,0.0,0.0,0.0,0.0,1.0,15.0,24.0,24.0,,,,,,,,,,,,
163,535,0.0,1.0,2.0,3.0,4.0,5.0,6.0,7.0,8.0,9.0,10.0,11.0,12.0,,,,,,,,,,,,,0.0,0.0,0.0,0.0,0.0,0.0,0.0,0.0,0.0,1.0,11.0,24.0,24.0,,,,,,,,,,,,
164,536,0.0,1.0,2.0,3.0,4.0,5.0,6.0,7.0,8.0,9.0,10.0,11.0,12.0,,,,,,,,,,,,,0.0,0.0,0.0,0.0,0.0,0.0,0.0,0.0,0.0,1.0,10.0,23.0,24.0,,,,,,,,,,,,
165,538,0.0,1.0,2.0,3.0,4.0,5.0,6.0,7.0,8.0,9.0,10.0,11.0,12.0,,,,,,,,,,,,,0.0,0.0,0.0,0.0,0.0,0.0,0.0,0.0,0.0,0.0,8.0,23.0,24.0,,,,,,,,,,,,
166,539,0.0,1.0,2.0,3.0,4.0,5.0,6.0,7.0,8.0,9.0,10.0,11.0,12.0,,,,,,,,,,,,,0.0,0.0,0.0,0.0,0.0,0.0,0.0,0.0,0.0,0.0,8.0,22.0,24.0,,,,,,,,,,,,
167,540,0.0,1.0,2.0,3.0,4.0,5.0,6.0,7.0,8.0,9.0,10.0,11.0,12.0,,,,,,,,,,,,,0.0,0.0,0.0,0.0,0.0,0.0,0.0,0.0,0.0,0.0,8.0,21.0,23.0,,,,,,,,,,,,
168,541,0.0,1.0,2.0,3.0,4.0,5.0,6.0,7.0,8.0,9.0,10.0,11.0,12.0,,,,,,,,,,,,,0.0,0.0,0.0,0.0,0.0,0.0,0.0,0.0,0.0,0.0,8.0,21.0,22.0,,,,,,,,,,,,
169,543,0.0,1.0,2.0,3.0,4.0,5.0,6.0,7.0,8.0,9.0,10.0,11.0,12.0,,,,,,,,,,,,,0.0,0.0,0.0,0.0,0.0,0.0,0.0,0.0,0.0,0.0,8.0,20.0,22.0,,,,,,,,,,,,
170,545,0.0,1.0,2.0,3.0,4.0,5.0,6.0,7.0,8.0,9.0,10.0,11.0,12.0,,,,,,,,,,,,,0.0,0.0,0.0,0.0,0.0,0.0,0.0,0.0,0.0,0.0,8.0,20.0,21.0,,,,,,,,,,,,
171,547,0.0,1.0,2.0,3.0,4.0,5.0,6.0,7.0,8.0,9.0,10.0,11.0,12.0,,,,,,,,,,,,,0.0,0.0,0.0,0.0,0.0,0.0,0.0,0.0,0.0,0.0,8.0,19.0,21.0,,,,,,,,,,,,
172,548,0.0,1.0,2.0,3.0,4.0,5.0,6.0,7.0,8.0,9.0,10.0,11.0,12.0,,,,,,,,,,,,,0.0,0.0,0.0,0.0,0.0,0.0,0.0,0.0,0.0,0.0,6.0,18.0,21.0,,,,,,,,,,,,
173,550,0.0,1.0,2.0,3.0,4.0,5.0,6.0,7.0,8.0,9.0,10.0,11.0,12.0,,,,,,,,,,,,,0.0,0.0,0.0,0.0,0.0,0.0,0.0,0.0,0.0,0.0,5.0,18.0,21.0,,,,,,,,,,,,
174,551,0.0,1.0,2.0,3.0,4.0,5.0,6.0,7.0,8.0,9.0,10.0,11.0,12.0,13.0,,,,,,,,,,,,0.0,0.0,0.0,0.0,0.0,0.0,0.0,0.0,0.0,0.0,4.0,16.0,21.0,27.0,,,,,,,,,,,
175,552,0.0,1.0,2.0,3.0,4.0,5.0,6.0,7.0,8.0,9.0,10.0,11.0,12.0,13.0,,,,,,,,,,,,0.0,0.0,0.0,0.0,0.0,0.0,0.0,0.0,0.0,0.0,3.0,16.0,21.0,26.0,,,,,,,,,,,
176,553,0.0,1.0,2.0,3.0,4.0,5.0,6.0,7.0,8.0,9.0,10.0,11.0,12.0,13.0,,,,,,,,,,,,0.0,0.0,0.0,0.0,0.0,0.0,0.0,0.0,0.0,0.0,2.0,15.0,21.0,26.0,,,,,,,,,,,
177,554,0.0,1.0,2.0,3.0,4.0,5.0,6.0,7.0,8.0,9.0,10.0,11.0,12.0,13.0,,,,,,,,,,,,0.0,0.0,0.0,0.0,0.0,0.0,0.0,0.0,0.0,0.0,2.0,13.0,21.0,26.0,,,,,,,,,,,
178,555,0.0,1.0,2.0,3.0,4.0,5.0,6.0,7.0,8.0,9.0,10.0,11.0,12.0,13.0,,,,,,,,,,,,0.0,0.0,0.0,0.0,0.0,0.0,0.0,0.0,0.0,0.0,2.0,13.0,20.0,26.0,,,,,,,,,,,
179,557,0.0,1.0,2.0,3.0,4.0,5.0,6.0,7.0,8.0,9.0,10.0,11.0,12.0,13.0,,,,,,,,,,,,0.0,0.0,0.0,0.0,0.0,0.0,0.0,0.0,0.0,0.0,2.0,10.0,20.0,26.0,,,,,,,,,,,
180,559,0.0,1.0,2.0,3.0,4.0,5.0,6.0,7.0,8.0,9.0,10.0,11.0,12.0,13.0,,,,,,,,,,,,0.0,0.0,0.0,0.0,0.0,0.0,0.0,0.0,0.0,0.0,2.0,9.0,20.0,26.0,,,,,,,,,,,
181,560,0.0,1.0,2.0,3.0,4.0,5.0,6.0,7.0,8.0,9.0,10.0,11.0,12.0,13.0,,,,,,,,,,,,0.0,0.0,0.0,0.0,0.0,0.0,0.0,0.0,0.0,0.0,2.0,8.0,19.0,26.0,,,,,,,,,,,
182,561,0.0,1.0,2.0,3.0,4.0,5.0,6.0,7.0,8.0,9.0,10.0,11.0,12.0,13.0,,,,,,,,,,,,0.0,0.0,0.0,0.0,0.0,0.0,0.0,0.0,0.0,0.0,2.0,8.0,18.0,26.0,,,,,,,,,,,
183,562,0.0,1.0,2.0,3.0,4.0,5.0,6.0,7.0,8.0,9.0,10.0,11.0,12.0,13.0,,,,,,,,,,,,0.0,0.0,0.0,0.0,0.0,0.0,0.0,0.0,0.0,0.0,2.0,7.0,18.0,26.0,,,,,,,,,,,
184,563,0.0,1.0,2.0,3.0,4.0,5.0,6.0,7.0,8.0,9.0,10.0,11.0,12.0,13.0,,,,,,,,,,,,0.0,0.0,0.0,0.0,0.0,0.0,0.0,0.0,0.0,0.0,2.0,7.0,16.0,24.0,,,,,,,,,,,
185,564,0.0,1.0,2.0,3.0,4.0,5.0,6.0,7.0,8.0,9.0,10.0,11.0,12.0,13.0,,,,,,,,,,,,0.0,0.0,0.0,0.0,0.0,0.0,0.0,0.0,0.0,0.0,1.0,7.0,16.0,24.0,,,,,,,,,,,
186,565,0.0,1.0,2.0,3.0,4.0,5.0,6.0,7.0,8.0,9.0,10.0,11.0,12.0,13.0,,,,,,,,,,,,0.0,0.0,0.0,0.0,0.0,0.0,0.0,0.0,0.0,0.0,1.0,6.0,16.0,24.0,,,,,,,,,,,
187,566,0.0,1.0,2.0,3.0,4.0,5.0,6.0,7.0,8.0,9.0,10.0,11.0,12.0,13.0,,,,,,,,,,,,0.0,0.0,0.0,0.0,0.0,0.0,0.0,0.0,0.0,0.0,1.0,6.0,16.0,23.0,,,,,,,,,,,
188,568,0.0,1.0,2.0,3.0,4.0,5.0,6.0,7.0,8.0,9.0,10.0,11.0,12.0,13.0,,,,,,,,,,,,0.0,0.0,0.0,0.0,0.0,0.0,0.0,0.0,0.0,0.0,0.0,5.0,15.0,23.0,,,,,,,,,,,
189,571,0.0,1.0,2.0,3.0,4.0,5.0,6.0,7.0,8.0,9.0,10.0,11.0,12.0,13.0,,,,,,,,,,,,0.0,0.0,0.0,0.0,0.0,0.0,0.0,0.0,0.0,0.0,0.0,3.0,13.0,22.0,,,,,,,,,,,
190,573,0.0,1.0,2.0,3.0,4.0,5.0,6.0,7.0,8.0,9.0,10.0,11.0,12.0,13.0,,,,,,,,,,,,0.0,0.0,0.0,0.0,0.0,0.0,0.0,0.0,0.0,0.0,0.0,3.0,12.0,22.0,,,,,,,,,,,
191,574,0.0,1.0,2.0,3.0,4.0,5.0,6.0,7.0,8.0,9.0,10.0,11.0,12.0,13.0,,,,,,,,,,,,0.0,0.0,0.0,0.0,0.0,0.0,0.0,0.0,0.0,0.0,0.0,2.0,10.0,22.0,,,,,,,,,,,
192,577,0.0,1.0,2.0,3.0,4.0,5.0,6.0,7.0,8.0,9.0,10.0,11.0,12.0,13.0,,,,,,,,,,,,0.0,0.0,0.0,0.0,0.0,0.0,0.0,0.0,0.0,0.0,0.0,1.0,6.0,22.0,,,,,,,,,,,
193,579,0.0,1.0,2.0,3.0,4.0,5.0,6.0,7.0,8.0,9.0,10.0,11.0,12.0,13.0,,,,,,,,,,,,0.0,0.0,0.0,0.0,0.0,0.0,0.0,0.0,0.0,0.0,0.0,1.0,6.0,21.0,,,,,,,,,,,
194,580,0.0,1.0,2.0,3.0,4.0,5.0,6.0,7.0,8.0,9.0,10.0,11.0,12.0,13.0,,,,,,,,,,,,0.0,0.0,0.0,0.0,0.0,0.0,0.0,0.0,0.0,0.0,0.0,1.0,5.0,21.0,,,,,,,,,,,
195,581,0.0,1.0,2.0,3.0,4.0,5.0,6.0,7.0,8.0,9.0,10.0,11.0,12.0,13.0,,,,,,,,,,,,0.0,0.0,0.0,0.0,0.0,0.0,0.0,0.0,0.0,0.0,0.0,1.0,5.0,20.0,,,,,,,,,,,
196,582,0.0,1.0,2.0,3.0,4.0,5.0,6.0,7.0,8.0,9.0,10.0,11.0,12.0,13.0,,,,,,,,,,,,0.0,0.0,0.0,0.0,0.0,0.0,0.0,0.0,0.0,0.0,0.0,1.0,5.0,19.0,,,,,,,,,,,
197,584,0.0,1.0,2.0,3.0,4.0,5.0,6.0,7.0,8.0,9.0,10.0,11.0,12.0,13.0,,,,,,,,,,,,0.0,0.0,0.0,0.0,0.0,0.0,0.0,0.0,0.0,0.0,0.0,1.0,5.0,18.0,,,,,,,,,,,
198,585,0.0,1.0,2.0,3.0,4.0,5.0,6.0,7.0,8.0,9.0,10.0,11.0,12.0,13.0,,,,,,,,,,,,0.0,0.0,0.0,0.0,0.0,0.0,0.0,0.0,0.0,0.0,0.0,0.0,5.0,16.0,,,,,,,,,,,
199,589,0.0,1.0,2.0,3.0,4.0,5.0,6.0,7.0,8.0,9.0,10.0,11.0,12.0,13.0,,,,,,,,,,,,0.0,0.0,0.0,0.0,0.0,0.0,0.0,0.0,0.0,0.0,0.0,0.0,2.0,15.0,,,,,,,,,,,
200,590,0.0,1.0,2.0,3.0,4.0,5.0,6.0,7.0,8.0,9.0,10.0,11.0,12.0,13.0,,,,,,,,,,,,0.0,0.0,0.0,0.0,0.0,0.0,0.0,0.0,0.0,0.0,0.0,0.0,2.0,14.0,,,,,,,,,,,
201,591,0.0,1.0,2.0,3.0,4.0,5.0,6.0,7.0,8.0,9.0,10.0,11.0,12.0,13.0,,,,,,,,,,,,0.0,0.0,0.0,0.0,0.0,0.0,0.0,0.0,0.0,0.0,0.0,0.0,2.0,13.0,,,,,,,,,,,
202,592,0.0,1.0,2.0,3.0,4.0,5.0,6.0,7.0,8.0,9.0,10.0,11.0,12.0,13.0,,,,,,,,,,,,0.0,0.0,0.0,0.0,0.0,0.0,0.0,0.0,0.0,0.0,0.0,0.0,1.0,13.0,,,,,,,,,,,
203,593,0.0,1.0,2.0,3.0,4.0,5.0,6.0,7.0,8.0,9.0,10.0,11.0,12.0,13.0,,,,,,,,,,,,0.0,0.0,0.0,0.0,0.0,0.0,0.0,0.0,0.0,0.0,0.0,0.0,1.0,12.0,,,,,,,,,,,
204,594,0.0,1.0,2.0,3.0,4.0,5.0,6.0,7.0,8.0,9.0,10.0,11.0,12.0,13.0,14.0,,,,,,,,,,,0.0,0.0,0.0,0.0,0.0,0.0,0.0,0.0,0.0,0.0,0.0,0.0,1.0,11.0,27.0,,,,,,,,,,
205,595,0.0,1.0,2.0,3.0,4.0,5.0,6.0,7.0,8.0,9.0,10.0,11.0,12.0,13.0,14.0,,,,,,,,,,,0.0,0.0,0.0,0.0,0.0,0.0,0.0,0.0,0.0,0.0,0.0,0.0,1.0,10.0,26.0,,,,,,,,,,
206,596,0.0,1.0,2.0,3.0,4.0,5.0,6.0,7.0,8.0,9.0,10.0,11.0,12.0,13.0,14.0,,,,,,,,,,,0.0,0.0,0.0,0.0,0.0,0.0,0.0,0.0,0.0,0.0,0.0,0.0,1.0,9.0,26.0,,,,,,,,,,
207,598,0.0,1.0,2.0,3.0,4.0,5.0,6.0,7.0,8.0,9.0,10.0,11.0,12.0,13.0,14.0,,,,,,,,,,,0.0,0.0,0.0,0.0,0.0,0.0,0.0,0.0,0.0,0.0,0.0,0.0,0.0,8.0,26.0,,,,,,,,,,
208,600,0.0,1.0,2.0,3.0,4.0,5.0,6.0,7.0,8.0,9.0,10.0,11.0,12.0,13.0,14.0,,,,,,,,,,,0.0,0.0,0.0,0.0,0.0,0.0,0.0,0.0,0.0,0.0,0.0,0.0,0.0,7.0,23.0,,,,,,,,,,
209,603,0.0,1.0,2.0,3.0,4.0,5.0,6.0,7.0,8.0,9.0,10.0,11.0,12.0,13.0,14.0,,,,,,,,,,,0.0,0.0,0.0,0.0,0.0,0.0,0.0,0.0,0.0,0.0,0.0,0.0,0.0,6.0,23.0,,,,,,,,,,
210,604,0.0,1.0,2.0,3.0,4.0,5.0,6.0,7.0,8.0,9.0,10.0,11.0,12.0,13.0,14.0,,,,,,,,,,,0.0,0.0,0.0,0.0,0.0,0.0,0.0,0.0,0.0,0.0,0.0,0.0,0.0,6.0,22.0,,,,,,,,,,
211,607,0.0,1.0,2.0,3.0,4.0,5.0,6.0,7.0,8.0,9.0,10.0,11.0,12.0,13.0,14.0,,,,,,,,,,,0.0,0.0,0.0,0.0,0.0,0.0,0.0,0.0,0.0,0.0,0.0,0.0,0.0,5.0,21.0,,,,,,,,,,
212,608,0.0,1.0,2.0,3.0,4.0,5.0,6.0,7.0,8.0,9.0,10.0,11.0,12.0,13.0,14.0,,,,,,,,,,,0.0,0.0,0.0,0.0,0.0,0.0,0.0,0.0,0.0,0.0,0.0,0.0,0.0,5.0,20.0,,,,,,,,,,
213,611,0.0,1.0,2.0,3.0,4.0,5.0,6.0,7.0,8.0,9.0,10.0,11.0,12.0,13.0,14.0,,,,,,,,,,,0.0,0.0,0.0,0.0,0.0,0.0,0.0,0.0,0.0,0.0,0.0,0.0,0.0,3.0,19.0,,,,,,,,,,
214,615,0.0,1.0,2.0,3.0,4.0,5.0,6.0,7.0,8.0,9.0,10.0,11.0,12.0,13.0,14.0,,,,,,,,,,,0.0,0.0,0.0,0.0,0.0,0.0,0.0,0.0,0.0,0.0,0.0,0.0,0.0,2.0,18.0,,,,,,,,,,
215,617,0.0,1.0,2.0,3.0,4.0,5.0,6.0,7.0,8.0,9.0,10.0,11.0,12.0,13.0,14.0,,,,,,,,,,,0.0,0.0,0.0,0.0,0.0,0.0,0.0,0.0,0.0,0.0,0.0,0.0,0.0,1.0,17.0,,,,,,,,,,
216,618,0.0,1.0,2.0,3.0,4.0,5.0,6.0,7.0,8.0,9.0,10.0,11.0,12.0,13.0,14.0,,,,,,,,,,,0.0,0.0,0.0,0.0,0.0,0.0,0.0,0.0,0.0,0.0,0.0,0.0,0.0,1.0,16.0,,,,,,,,,,
217,619,0.0,1.0,2.0,3.0,4.0,5.0,6.0,7.0,8.0,9.0,10.0,11.0,12.0,13.0,14.0,,,,,,,,,,,0.0,0.0,0.0,0.0,0.0,0.0,0.0,0.0,0.0,0.0,0.0,0.0,0.0,1.0,15.0,,,,,,,,,,
218,620,0.0,1.0,2.0,3.0,4.0,5.0,6.0,7.0,8.0,9.0,10.0,11.0,12.0,13.0,14.0,,,,,,,,,,,0.0,0.0,0.0,0.0,0.0,0.0,0.0,0.0,0.0,0.0,0.0,0.0,0.0,1.0,13.0,,,,,,,,,,
219,622,0.0,1.0,2.0,3.0,4.0,5.0,6.0,7.0,8.0,9.0,10.0,11.0,12.0,13.0,14.0,,,,,,,,,,,0.0,0.0,0.0,0.0,0.0,0.0,0.0,0.0,0.0,0.0,0.0,0.0,0.0,1.0,12.0,,,,,,,,,,
220,623,0.0,1.0,2.0,3.0,4.0,5.0,6.0,7.0,8.0,9.0,10.0,11.0,12.0,13.0,14.0,,,,,,,,,,,0.0,0.0,0.0,0.0,0.0,0.0,0.0,0.0,0.0,0.0,0.0,0.0,0.0,1.0,11.0,,,,,,,,,,
221,625,0.0,1.0,2.0,3.0,4.0,5.0,6.0,7.0,8.0,9.0,10.0,11.0,12.0,13.0,14.0,,,,,,,,,,,0.0,0.0,0.0,0.0,0.0,0.0,0.0,0.0,0.0,0.0,0.0,0.0,0.0,1.0,10.0,,,,,,,,,,
222,627,0.0,1.0,2.0,3.0,4.0,5.0,6.0,7.0,8.0,9.0,10.0,11.0,12.0,13.0,14.0,,,,,,,,,,,0.0,0.0,0.0,0.0,0.0,0.0,0.0,0.0,0.0,0.0,0.0,0.0,0.0,1.0,9.0,,,,,,,,,,
223,628,0.0,1.0,2.0,3.0,4.0,5.0,6.0,7.0,8.0,9.0,10.0,11.0,12.0,13.0,14.0,,,,,,,,,,,0.0,0.0,0.0,0.0,0.0,0.0,0.0,0.0,0.0,0.0,0.0,0.0,0.0,0.0,8.0,,,,,,,,,,
224,633,0.0,1.0,2.0,3.0,4.0,5.0,6.0,7.0,8.0,9.0,10.0,11.0,12.0,13.0,14.0,,,,,,,,,,,0.0,0.0,0.0,0.0,0.0,0.0,0.0,0.0,0.0,0.0,0.0,0.0,0.0,0.0,5.0,,,,,,,,,,
225,637,0.0,1.0,2.0,3.0,4.0,5.0,6.0,7.0,8.0,9.0,10.0,11.0,12.0,13.0,14.0,,,,,,,,,,,0.0,0.0,0.0,0.0,0.0,0.0,0.0,0.0,0.0,0.0,0.0,0.0,0.0,0.0,3.0,,,,,,,,,,
226,647,0.0,1.0,2.0,3.0,4.0,5.0,6.0,7.0,8.0,9.0,10.0,11.0,12.0,13.0,14.0,,,,,,,,,,,0.0,0.0,0.0,0.0,0.0,0.0,0.0,0.0,0.0,0.0,0.0,0.0,0.0,0.0,1.0,,,,,,,,,,
227,694,0.0,1.0,2.0,3.0,4.0,5.0,6.0,7.0,8.0,9.0,10.0,11.0,12.0,13.0,14.0,,,,,,,,,,,0.0,0.0,0.0,0.0,0.0,0.0,0.0,0.0,0.0,0.0,0.0,0.0,0.0,0.0,0.0,,,,,,,,,,
228,696,0.0,1.0,2.0,3.0,4.0,5.0,6.0,7.0,8.0,9.0,10.0,11.0,12.0,13.0,14.0,15.0,,,,,,,,,,0.0,0.0,0.0,0.0,0.0,0.0,0.0,0.0,0.0,0.0,0.0,0.0,0.0,0.0,0.0,26.0,,,,,,,,,
229,701,0.0,1.0,2.0,3.0,4.0,5.0,6.0,7.0,8.0,9.0,10.0,11.0,12.0,13.0,14.0,15.0,,,,,,,,,,0.0,0.0,0.0,0.0,0.0,0.0,0.0,0.0,0.0,0.0,0.0,0.0,0.0,0.0,0.0,22.0,,,,,,,,,
230,705,0.0,1.0,2.0,3.0,4.0,5.0,6.0,7.0,8.0,9.0,10.0,11.0,12.0,13.0,14.0,15.0,,,,,,,,,,0.0,0.0,0.0,0.0,0.0,0.0,0.0,0.0,0.0,0.0,0.0,0.0,0.0,0.0,0.0,21.0,,,,,,,,,
231,708,0.0,1.0,2.0,3.0,4.0,5.0,6.0,7.0,8.0,9.0,10.0,11.0,12.0,13.0,14.0,15.0,,,,,,,,,,0.0,0.0,0.0,0.0,0.0,0.0,0.0,0.0,0.0,0.0,0.0,0.0,0.0,0.0,0.0,21.0,,,,,,,,,
232,709,0.0,1.0,2.0,3.0,4.0,5.0,6.0,7.0,8.0,9.0,10.0,11.0,12.0,13.0,14.0,15.0,16.0,,,,,,,,,0.0,0.0,0.0,0.0,0.0,0.0,0.0,0.0,0.0,0.0,0.0,0.0,0.0,0.0,0.0,18.0,27.0,,,,,,,,
233,710,0.0,1.0,2.0,3.0,4.0,5.0,6.0,7.0,8.0,9.0,10.0,11.0,12.0,13.0,14.0,15.0,16.0,,,,,,,,,0.0,0.0,0.0,0.0,0.0,0.0,0.0,0.0,0.0,0.0,0.0,0.0,0.0,0.0,0.0,18.0,26.0,,,,,,,,
234,712,0.0,1.0,2.0,3.0,4.0,5.0,6.0,7.0,8.0,9.0,10.0,11.0,12.0,13.0,14.0,15.0,16.0,,,,,,,,,0.0,0.0,0.0,0.0,0.0,0.0,0.0,0.0,0.0,0.0,0.0,0.0,0.0,0.0,0.0,15.0,26.0,,,,,,,,
235,713,0.0,1.0,2.0,3.0,4.0,5.0,6.0,7.0,8.0,9.0,10.0,11.0,12.0,13.0,14.0,15.0,16.0,,,,,,,,,0.0,0.0,0.0,0.0,0.0,0.0,0.0,0.0,0.0,0.0,0.0,0.0,0.0,0.0,0.0,14.0,26.0,,,,,,,,
236,715,0.0,1.0,2.0,3.0,4.0,5.0,6.0,7.0,8.0,9.0,10.0,11.0,12.0,13.0,14.0,15.0,16.0,,,,,,,,,0.0,0.0,0.0,0.0,0.0,0.0,0.0,0.0,0.0,0.0,0.0,0.0,0.0,0.0,0.0,12.0,26.0,,,,,,,,
237,716,0.0,1.0,2.0,3.0,4.0,5.0,6.0,7.0,8.0,9.0,10.0,11.0,12.0,13.0,14.0,15.0,16.0,,,,,,,,,0.0,0.0,0.0,0.0,0.0,0.0,0.0,0.0,0.0,0.0,0.0,0.0,0.0,0.0,0.0,12.0,23.0,,,,,,,,
238,717,0.0,1.0,2.0,3.0,4.0,5.0,6.0,7.0,8.0,9.0,10.0,11.0,12.0,13.0,14.0,15.0,16.0,,,,,,,,,0.0,0.0,0.0,0.0,0.0,0.0,0.0,0.0,0.0,0.0,0.0,0.0,0.0,0.0,0.0,11.0,23.0,,,,,,,,
239,720,0.0,1.0,2.0,3.0,4.0,5.0,6.0,7.0,8.0,9.0,10.0,11.0,12.0,13.0,14.0,15.0,16.0,,,,,,,,,0.0,0.0,0.0,0.0,0.0,0.0,0.0,0.0,0.0,0.0,0.0,0.0,0.0,0.0,0.0,11.0,21.0,,,,,,,,
240,721,0.0,1.0,2.0,3.0,4.0,5.0,6.0,7.0,8.0,9.0,10.0,11.0,12.0,13.0,14.0,15.0,16.0,,,,,,,,,0.0,0.0,0.0,0.0,0.0,0.0,0.0,0.0,0.0,0.0,0.0,0.0,0.0,0.0,0.0,10.0,21.0,,,,,,,,
241,724,0.0,1.0,2.0,3.0,4.0,5.0,6.0,7.0,8.0,9.0,10.0,11.0,12.0,13.0,14.0,15.0,16.0,,,,,,,,,0.0,0.0,0.0,0.0,0.0,0.0,0.0,0.0,0.0,0.0,0.0,0.0,0.0,0.0,0.0,9.0,20.0,,,,,,,,
242,727,0.0,1.0,2.0,3.0,4.0,5.0,6.0,7.0,8.0,9.0,10.0,11.0,12.0,13.0,14.0,15.0,16.0,,,,,,,,,0.0,0.0,0.0,0.0,0.0,0.0,0.0,0.0,0.0,0.0,0.0,0.0,0.0,0.0,0.0,7.0,20.0,,,,,,,,
243,728,0.0,1.0,2.0,3.0,4.0,5.0,6.0,7.0,8.0,9.0,10.0,11.0,12.0,13.0,14.0,15.0,16.0,,,,,,,,,0.0,0.0,0.0,0.0,0.0,0.0,0.0,0.0,0.0,0.0,0.0,0.0,0.0,0.0,0.0,6.0,18.0,,,,,,,,
244,730,0.0,1.0,2.0,3.0,4.0,5.0,6.0,7.0,8.0,9.0,10.0,11.0,12.0,13.0,14.0,15.0,16.0,,,,,,,,,0.0,0.0,0.0,0.0,0.0,0.0,0.0,0.0,0.0,0.0,0.0,0.0,0.0,0.0,0.0,5.0,18.0,,,,,,,,
245,731,0.0,1.0,2.0,3.0,4.0,5.0,6.0,7.0,8.0,9.0,10.0,11.0,12.0,13.0,14.0,15.0,16.0,,,,,,,,,0.0,0.0,0.0,0.0,0.0,0.0,0.0,0.0,0.0,0.0,0.0,0.0,0.0,0.0,0.0,4.0,17.0,,,,,,,,
246,732,0.0,1.0,2.0,3.0,4.0,5.0,6.0,7.0,8.0,9.0,10.0,11.0,12.0,13.0,14.0,15.0,16.0,,,,,,,,,0.0,0.0,0.0,0.0,0.0,0.0,0.0,0.0,0.0,0.0,0.0,0.0,0.0,0.0,0.0,4.0,16.0,,,,,,,,
247,734,0.0,1.0,2.0,3.0,4.0,5.0,6.0,7.0,8.0,9.0,10.0,11.0,12.0,13.0,14.0,15.0,16.0,,,,,,,,,0.0,0.0,0.0,0.0,0.0,0.0,0.0,0.0,0.0,0.0,0.0,0.0,0.0,0.0,0.0,4.0,13.0,,,,,,,,
248,735,0.0,1.0,2.0,3.0,4.0,5.0,6.0,7.0,8.0,9.0,10.0,11.0,12.0,13.0,14.0,15.0,16.0,,,,,,,,,0.0,0.0,0.0,0.0,0.0,0.0,0.0,0.0,0.0,0.0,0.0,0.0,0.0,0.0,0.0,3.0,12.0,,,,,,,,
249,737,0.0,1.0,2.0,3.0,4.0,5.0,6.0,7.0,8.0,9.0,10.0,11.0,12.0,13.0,14.0,15.0,16.0,,,,,,,,,0.0,0.0,0.0,0.0,0.0,0.0,0.0,0.0,0.0,0.0,0.0,0.0,0.0,0.0,0.0,3.0,10.0,,,,,,,,
250,738,0.0,1.0,2.0,3.0,4.0,5.0,6.0,7.0,8.0,9.0,10.0,11.0,12.0,13.0,14.0,15.0,16.0,,,,,,,,,0.0,0.0,0.0,0.0,0.0,0.0,0.0,0.0,0.0,0.0,0.0,0.0,0.0,0.0,0.0,2.0,8.0,,,,,,,,
251,741,0.0,1.0,2.0,3.0,4.0,5.0,6.0,7.0,8.0,9.0,10.0,11.0,12.0,13.0,14.0,15.0,16.0,,,,,,,,,0.0,0.0,0.0,0.0,0.0,0.0,0.0,0.0,0.0,0.0,0.0,0.0,0.0,0.0,0.0,1.0,8.0,,,,,,,,
252,742,0.0,1.0,2.0,3.0,4.0,5.0,6.0,7.0,8.0,9.0,10.0,11.0,12.0,13.0,14.0,15.0,16.0,,,,,,,,,0.0,0.0,0.0,0.0,0.0,0.0,0.0,0.0,0.0,0.0,0.0,0.0,0.0,0.0,0.0,1.0,6.0,,,,,,,,
253,752,0.0,1.0,2.0,3.0,4.0,5.0,6.0,7.0,8.0,9.0,10.0,11.0,12.0,13.0,14.0,15.0,16.0,,,,,,,,,0.0,0.0,0.0,0.0,0.0,0.0,0.0,0.0,0.0,0.0,0.0,0.0,0.0,0.0,0.0,0.0,1.0,,,,,,,,
254,796,0.0,1.0,2.0,3.0,4.0,5.0,6.0,7.0,8.0,9.0,10.0,11.0,12.0,13.0,14.0,15.0,16.0,,,,,,,,,0.0,0.0,0.0,0.0,0.0,0.0,0.0,0.0,0.0,0.0,0.0,0.0,0.0,0.0,0.0,0.0,0.0,,,,,,,,
255,798,0.0,1.0,2.0,3.0,4.0,5.0,6.0,7.0,8.0,9.0,10.0,11.0,12.0,13.0,14.0,15.0,16.0,17.0,,,,,,,,0.0,0.0,0.0,0.0,0.0,0.0,0.0,0.0,0.0,0.0,0.0,0.0,0.0,0.0,0.0,0.0,0.0,26.0,,,,,,,
256,803,0.0,1.0,2.0,3.0,4.0,5.0,6.0,7.0,8.0,9.0,10.0,11.0,12.0,13.0,14.0,15.0,16.0,17.0,,,,,,,,0.0,0.0,0.0,0.0,0.0,0.0,0.0,0.0,0.0,0.0,0.0,0.0,0.0,0.0,0.0,0.0,0.0,22.0,,,,,,,
257,806,0.0,1.0,2.0,3.0,4.0,5.0,6.0,7.0,8.0,9.0,10.0,11.0,12.0,13.0,14.0,15.0,16.0,17.0,,,,,,,,0.0,0.0,0.0,0.0,0.0,0.0,0.0,0.0,0.0,0.0,0.0,0.0,0.0,0.0,0.0,0.0,0.0,22.0,,,,,,,
258,807,0.0,1.0,2.0,3.0,4.0,5.0,6.0,7.0,8.0,9.0,10.0,11.0,12.0,13.0,14.0,15.0,16.0,17.0,18.0,,,,,,,0.0,0.0,0.0,0.0,0.0,0.0,0.0,0.0,0.0,0.0,0.0,0.0,0.0,0.0,0.0,0.0,0.0,21.0,27.0,,,,,,
259,808,0.0,1.0,2.0,3.0,4.0,5.0,6.0,7.0,8.0,9.0,10.0,11.0,12.0,13.0,14.0,15.0,16.0,17.0,18.0,,,,,,,0.0,0.0,0.0,0.0,0.0,0.0,0.0,0.0,0.0,0.0,0.0,0.0,0.0,0.0,0.0,0.0,0.0,21.0,26.0,,,,,,
260,811,0.0,1.0,2.0,3.0,4.0,5.0,6.0,7.0,8.0,9.0,10.0,11.0,12.0,13.0,14.0,15.0,16.0,17.0,18.0,,,,,,,0.0,0.0,0.0,0.0,0.0,0.0,0.0,0.0,0.0,0.0,0.0,0.0,0.0,0.0,0.0,0.0,0.0,18.0,26.0,,,,,,
261,814,0.0,1.0,2.0,3.0,4.0,5.0,6.0,7.0,8.0,9.0,10.0,11.0,12.0,13.0,14.0,15.0,16.0,17.0,18.0,,,,,,,0.0,0.0,0.0,0.0,0.0,0.0,0.0,0.0,0.0,0.0,0.0,0.0,0.0,0.0,0.0,0.0,0.0,16.0,26.0,,,,,,
262,815,0.0,1.0,2.0,3.0,4.0,5.0,6.0,7.0,8.0,9.0,10.0,11.0,12.0,13.0,14.0,15.0,16.0,17.0,18.0,,,,,,,0.0,0.0,0.0,0.0,0.0,0.0,0.0,0.0,0.0,0.0,0.0,0.0,0.0,0.0,0.0,0.0,0.0,15.0,26.0,,,,,,
263,817,0.0,1.0,2.0,3.0,4.0,5.0,6.0,7.0,8.0,9.0,10.0,11.0,12.0,13.0,14.0,15.0,16.0,17.0,18.0,,,,,,,0.0,0.0,0.0,0.0,0.0,0.0,0.0,0.0,0.0,0.0,0.0,0.0,0.0,0.0,0.0,0.0,0.0,13.0,26.0,,,,,,
264,818,0.0,1.0,2.0,3.0,4.0,5.0,6.0,7.0,8.0,9.0,10.0,11.0,12.0,13.0,14.0,15.0,16.0,17.0,18.0,,,,,,,0.0,0.0,0.0,0.0,0.0,0.0,0.0,0.0,0.0,0.0,0.0,0.0,0.0,0.0,0.0,0.0,0.0,12.0,24.0,,,,,,
265,819,0.0,1.0,2.0,3.0,4.0,5.0,6.0,7.0,8.0,9.0,10.0,11.0,12.0,13.0,14.0,15.0,16.0,17.0,18.0,,,,,,,0.0,0.0,0.0,0.0,0.0,0.0,0.0,0.0,0.0,0.0,0.0,0.0,0.0,0.0,0.0,0.0,0.0,11.0,24.0,,,,,,
266,822,0.0,1.0,2.0,3.0,4.0,5.0,6.0,7.0,8.0,9.0,10.0,11.0,12.0,13.0,14.0,15.0,16.0,17.0,18.0,,,,,,,0.0,0.0,0.0,0.0,0.0,0.0,0.0,0.0,0.0,0.0,0.0,0.0,0.0,0.0,0.0,0.0,0.0,9.0,21.0,,,,,,
267,825,0.0,1.0,2.0,3.0,4.0,5.0,6.0,7.0,8.0,9.0,10.0,11.0,12.0,13.0,14.0,15.0,16.0,17.0,18.0,,,,,,,0.0,0.0,0.0,0.0,0.0,0.0,0.0,0.0,0.0,0.0,0.0,0.0,0.0,0.0,0.0,0.0,0.0,7.0,21.0,,,,,,
268,828,0.0,1.0,2.0,3.0,4.0,5.0,6.0,7.0,8.0,9.0,10.0,11.0,12.0,13.0,14.0,15.0,16.0,17.0,18.0,,,,,,,0.0,0.0,0.0,0.0,0.0,0.0,0.0,0.0,0.0,0.0,0.0,0.0,0.0,0.0,0.0,0.0,0.0,5.0,21.0,,,,,,
269,830,0.0,1.0,2.0,3.0,4.0,5.0,6.0,7.0,8.0,9.0,10.0,11.0,12.0,13.0,14.0,15.0,16.0,17.0,18.0,,,,,,,0.0,0.0,0.0,0.0,0.0,0.0,0.0,0.0,0.0,0.0,0.0,0.0,0.0,0.0,0.0,0.0,0.0,5.0,19.0,,,,,,
270,833,0.0,1.0,2.0,3.0,4.0,5.0,6.0,7.0,8.0,9.0,10.0,11.0,12.0,13.0,14.0,15.0,16.0,17.0,18.0,,,,,,,0.0,0.0,0.0,0.0,0.0,0.0,0.0,0.0,0.0,0.0,0.0,0.0,0.0,0.0,0.0,0.0,0.0,4.0,18.0,,,,,,
271,836,0.0,1.0,2.0,3.0,4.0,5.0,6.0,7.0,8.0,9.0,10.0,11.0,12.0,13.0,14.0,15.0,16.0,17.0,18.0,,,,,,,0.0,0.0,0.0,0.0,0.0,0.0,0.0,0.0,0.0,0.0,0.0,0.0,0.0,0.0,0.0,0.0,0.0,2.0,17.0,,,,,,
272,838,0.0,1.0,2.0,3.0,4.0,5.0,6.0,7.0,8.0,9.0,10.0,11.0,12.0,13.0,14.0,15.0,16.0,17.0,18.0,,,,,,,0.0,0.0,0.0,0.0,0.0,0.0,0.0,0.0,0.0,0.0,0.0,0.0,0.0,0.0,0.0,0.0,0.0,2.0,16.0,,,,,,
273,839,0.0,1.0,2.0,3.0,4.0,5.0,6.0,7.0,8.0,9.0,10.0,11.0,12.0,13.0,14.0,15.0,16.0,17.0,18.0,,,,,,,0.0,0.0,0.0,0.0,0.0,0.0,0.0,0.0,0.0,0.0,0.0,0.0,0.0,0.0,0.0,0.0,0.0,2.0,13.0,,,,,,
274,841,0.0,1.0,2.0,3.0,4.0,5.0,6.0,7.0,8.0,9.0,10.0,11.0,12.0,13.0,14.0,15.0,16.0,17.0,18.0,,,,,,,0.0,0.0,0.0,0.0,0.0,0.0,0.0,0.0,0.0,0.0,0.0,0.0,0.0,0.0,0.0,0.0,0.0,1.0,12.0,,,,,,
275,842,0.0,1.0,2.0,3.0,4.0,5.0,6.0,7.0,8.0,9.0,10.0,11.0,12.0,13.0,14.0,15.0,16.0,17.0,18.0,,,,,,,0.0,0.0,0.0,0.0,0.0,0.0,0.0,0.0,0.0,0.0,0.0,0.0,0.0,0.0,0.0,0.0,0.0,0.0,10.0,,,,,,
276,844,0.0,1.0,2.0,3.0,4.0,5.0,6.0,7.0,8.0,9.0,10.0,11.0,12.0,13.0,14.0,15.0,16.0,17.0,18.0,,,,,,,0.0,0.0,0.0,0.0,0.0,0.0,0.0,0.0,0.0,0.0,0.0,0.0,0.0,0.0,0.0,0.0,0.0,0.0,7.0,,,,,,
277,847,0.0,1.0,2.0,3.0,4.0,5.0,6.0,7.0,8.0,9.0,10.0,11.0,12.0,13.0,14.0,15.0,16.0,17.0,18.0,,,,,,,0.0,0.0,0.0,0.0,0.0,0.0,0.0,0.0,0.0,0.0,0.0,0.0,0.0,0.0,0.0,0.0,0.0,0.0,6.0,,,,,,
278,858,0.0,1.0,2.0,3.0,4.0,5.0,6.0,7.0,8.0,9.0,10.0,11.0,12.0,13.0,14.0,15.0,16.0,17.0,18.0,,,,,,,0.0,0.0,0.0,0.0,0.0,0.0,0.0,0.0,0.0,0.0,0.0,0.0,0.0,0.0,0.0,0.0,0.0,0.0,1.0,,,,,,
279,950,0.0,1.0,2.0,3.0,4.0,5.0,6.0,7.0,8.0,9.0,10.0,11.0,12.0,13.0,14.0,15.0,16.0,17.0,18.0,,,,,,,0.0,0.0,0.0,0.0,0.0,0.0,0.0,0.0,0.0,0.0,0.0,0.0,0.0,0.0,0.0,0.0,0.0,0.0,0.0,,,,,,
280,952,0.0,1.0,2.0,3.0,4.0,5.0,6.0,7.0,8.0,9.0,10.0,11.0,12.0,13.0,14.0,15.0,16.0,17.0,18.0,19.0,,,,,,0.0,0.0,0.0,0.0,0.0,0.0,0.0,0.0,0.0,0.0,0.0,0.0,0.0,0.0,0.0,0.0,0.0,0.0,0.0,26.0,,,,,
281,957,0.0,1.0,2.0,3.0,4.0,5.0,6.0,7.0,8.0,9.0,10.0,11.0,12.0,13.0,14.0,15.0,16.0,17.0,18.0,19.0,,,,,,0.0,0.0,0.0,0.0,0.0,0.0,0.0,0.0,0.0,0.0,0.0,0.0,0.0,0.0,0.0,0.0,0.0,0.0,0.0,23.0,,,,,
282,961,0.0,1.0,2.0,3.0,4.0,5.0,6.0,7.0,8.0,9.0,10.0,11.0,12.0,13.0,14.0,15.0,16.0,17.0,18.0,19.0,,,,,,0.0,0.0,0.0,0.0,0.0,0.0,0.0,0.0,0.0,0.0,0.0,0.0,0.0,0.0,0.0,0.0,0.0,0.0,0.0,21.0,,,,,
283,968,0.0,1.0,2.0,3.0,4.0,5.0,6.0,7.0,8.0,9.0,10.0,11.0,12.0,13.0,14.0,15.0,16.0,17.0,18.0,19.0,,,,,,0.0,0.0,0.0,0.0,0.0,0.0,0.0,0.0,0.0,0.0,0.0,0.0,0.0,0.0,0.0,0.0,0.0,0.0,0.0,19.0,,,,,
284,969,0.0,1.0,2.0,3.0,4.0,5.0,6.0,7.0,8.0,9.0,10.0,11.0,12.0,13.0,14.0,15.0,16.0,17.0,18.0,19.0,,,,,,0.0,0.0,0.0,0.0,0.0,0.0,0.0,0.0,0.0,0.0,0.0,0.0,0.0,0.0,0.0,0.0,0.0,0.0,0.0,18.0,,,,,
285,971,0.0,1.0,2.0,3.0,4.0,5.0,6.0,7.0,8.0,9.0,10.0,11.0,12.0,13.0,14.0,15.0,16.0,17.0,18.0,19.0,,,,,,0.0,0.0,0.0,0.0,0.0,0.0,0.0,0.0,0.0,0.0,0.0,0.0,0.0,0.0,0.0,0.0,0.0,0.0,0.0,16.0,,,,,
286,972,0.0,1.0,2.0,3.0,4.0,5.0,6.0,7.0,8.0,9.0,10.0,11.0,12.0,13.0,14.0,15.0,16.0,17.0,18.0,19.0,,,,,,0.0,0.0,0.0,0.0,0.0,0.0,0.0,0.0,0.0,0.0,0.0,0.0,0.0,0.0,0.0,0.0,0.0,0.0,0.0,15.0,,,,,
287,973,0.0,1.0,2.0,3.0,4.0,5.0,6.0,7.0,8.0,9.0,10.0,11.0,12.0,13.0,14.0,15.0,16.0,17.0,18.0,19.0,,,,,,0.0,0.0,0.0,0.0,0.0,0.0,0.0,0.0,0.0,0.0,0.0,0.0,0.0,0.0,0.0,0.0,0.0,0.0,0.0,15.0,,,,,
288,974,0.0,1.0,2.0,3.0,4.0,5.0,6.0,7.0,8.0,9.0,10.0,11.0,12.0,13.0,14.0,15.0,16.0,17.0,18.0,19.0,20.0,,,,,0.0,0.0,0.0,0.0,0.0,0.0,0.0,0.0,0.0,0.0,0.0,0.0,0.0,0.0,0.0,0.0,0.0,0.0,0.0,13.0,27.0,,,,
289,975,0.0,1.0,2.0,3.0,4.0,5.0,6.0,7.0,8.0,9.0,10.0,11.0,12.0,13.0,14.0,15.0,16.0,17.0,18.0,19.0,20.0,,,,,0.0,0.0,0.0,0.0,0.0,0.0,0.0,0.0,0.0,0.0,0.0,0.0,0.0,0.0,0.0,0.0,0.0,0.0,0.0,11.0,26.0,,,,
290,977,0.0,1.0,2.0,3.0,4.0,5.0,6.0,7.0,8.0,9.0,10.0,11.0,12.0,13.0,14.0,15.0,16.0,17.0,18.0,19.0,20.0,,,,,0.0,0.0,0.0,0.0,0.0,0.0,0.0,0.0,0.0,0.0,0.0,0.0,0.0,0.0,0.0,0.0,0.0,0.0,0.0,10.0,26.0,,,,
291,978,0.0,1.0,2.0,3.0,4.0,5.0,6.0,7.0,8.0,9.0,10.0,11.0,12.0,13.0,14.0,15.0,16.0,17.0,18.0,19.0,20.0,,,,,0.0,0.0,0.0,0.0,0.0,0.0,0.0,0.0,0.0,0.0,0.0,0.0,0.0,0.0,0.0,0.0,0.0,0.0,0.0,8.0,26.0,,,,
292,980,0.0,1.0,2.0,3.0,4.0,5.0,6.0,7.0,8.0,9.0,10.0,11.0,12.0,13.0,14.0,15.0,16.0,17.0,18.0,19.0,20.0,,,,,0.0,0.0,0.0,0.0,0.0,0.0,0.0,0.0,0.0,0.0,0.0,0.0,0.0,0.0,0.0,0.0,0.0,0.0,0.0,8.0,23.0,,,,
293,983,0.0,1.0,2.0,3.0,4.0,5.0,6.0,7.0,8.0,9.0,10.0,11.0,12.0,13.0,14.0,15.0,16.0,17.0,18.0,19.0,20.0,,,,,0.0,0.0,0.0,0.0,0.0,0.0,0.0,0.0,0.0,0.0,0.0,0.0,0.0,0.0,0.0,0.0,0.0,0.0,0.0,7.0,23.0,,,,
294,984,0.0,1.0,2.0,3.0,4.0,5.0,6.0,7.0,8.0,9.0,10.0,11.0,12.0,13.0,14.0,15.0,16.0,17.0,18.0,19.0,20.0,,,,,0.0,0.0,0.0,0.0,0.0,0.0,0.0,0.0,0.0,0.0,0.0,0.0,0.0,0.0,0.0,0.0,0.0,0.0,0.0,7.0,22.0,,,,
295,987,0.0,1.0,2.0,3.0,4.0,5.0,6.0,7.0,8.0,9.0,10.0,11.0,12.0,13.0,14.0,15.0,16.0,17.0,18.0,19.0,20.0,,,,,0.0,0.0,0.0,0.0,0.0,0.0,0.0,0.0,0.0,0.0,0.0,0.0,0.0,0.0,0.0,0.0,0.0,0.0,0.0,5.0,21.0,,,,
296,988,0.0,1.0,2.0,3.0,4.0,5.0,6.0,7.0,8.0,9.0,10.0,11.0,12.0,13.0,14.0,15.0,16.0,17.0,18.0,19.0,20.0,,,,,0.0,0.0,0.0,0.0,0.0,0.0,0.0,0.0,0.0,0.0,0.0,0.0,0.0,0.0,0.0,0.0,0.0,0.0,0.0,5.0,20.0,,,,
297,991,0.0,1.0,2.0,3.0,4.0,5.0,6.0,7.0,8.0,9.0,10.0,11.0,12.0,13.0,14.0,15.0,16.0,17.0,18.0,19.0,20.0,,,,,0.0,0.0,0.0,0.0,0.0,0.0,0.0,0.0,0.0,0.0,0.0,0.0,0.0,0.0,0.0,0.0,0.0,0.0,0.0,4.0,19.0,,,,
298,995,0.0,1.0,2.0,3.0,4.0,5.0,6.0,7.0,8.0,9.0,10.0,11.0,12.0,13.0,14.0,15.0,16.0,17.0,18.0,19.0,20.0,,,,,0.0,0.0,0.0,0.0,0.0,0.0,0.0,0.0,0.0,0.0,0.0,0.0,0.0,0.0,0.0,0.0,0.0,0.0,0.0,2.0,17.0,,,,
299,998,0.0,1.0,2.0,3.0,4.0,5.0,6.0,7.0,8.0,9.0,10.0,11.0,12.0,13.0,14.0,15.0,16.0,17.0,18.0,19.0,20.0,,,,,0.0,0.0,0.0,0.0,0.0,0.0,0.0,0.0,0.0,0.0,0.0,0.0,0.0,0.0,0.0,0.0,0.0,0.0,0.0,1.0,16.0,,,,
300,1001,0.0,1.0,2.0,3.0,4.0,5.0,6.0,7.0,8.0,9.0,10.0,11.0,12.0,13.0,14.0,15.0,16.0,17.0,18.0,19.0,20.0,,,,,0.0,0.0,0.0,0.0,0.0,0.0,0.0,0.0,0.0,0.0,0.0,0.0,0.0,0.0,0.0,0.0,0.0,0.0,0.0,1.0,14.0,,,,
